{
    "m_generationData": {
        "m_mapsToGenerate": 100,
        "m_numOfRooms": 40,
        "m_levelWidth": 100,
        "m_levelHeight": 100
    },
    "m_topDownStats": {
        "m_avergeTime": 0.1506439745426178,
        "m_shortestTime": 0.027748800814151765,
        "m_longestTime": 0.17205369472503663,
        "m_totalTime": 15.064397811889649,
        "m_avergeRoomsPlaced": 33,
        "m_mostRoomsPlaced": 40,
        "m_leastRoomsPlaced": 22,
        "m_totalRooms": 3312
    },
    "m_bottomUpStats": {
        "m_avergeTime": 0.17359210550785066,
        "m_shortestTime": 0.040246300399303439,
        "m_longestTime": 0.19477759301662446,
        "m_totalTime": 17.359210968017579,
        "m_avergeRoomsPlaced": 36,
        "m_mostRoomsPlaced": 40,
        "m_leastRoomsPlaced": 30,
        "m_totalRooms": 3666
    }
}